group,id,input,measure
ProjectionPushdown,With,1000,100983537.0
ProjectionPushdown,With,1000,100047044.0
ProjectionPushdown,With,1000,100341334.66666667
ProjectionPushdown,With,1000,100107380.75
ProjectionPushdown,With,1000,99768468.0
ProjectionPushdown,With,1000,100320199.0
ProjectionPushdown,With,1000,99717905.28571428
ProjectionPushdown,With,1000,100090943.125
ProjectionPushdown,With,1000,99611856.55555555
ProjectionPushdown,With,1000,99675150.4
ProjectionPushdown,With,1000,99434183.0909091
ProjectionPushdown,With,1000,99440724.58333333
ProjectionPushdown,With,1000,99557877.76923077
ProjectionPushdown,With,1000,99888307.78571428
ProjectionPushdown,With,1000,99931558.53333333
ProjectionPushdown,With,1000,100267336.375
ProjectionPushdown,With,1000,99926000.23529412
ProjectionPushdown,With,1000,99975699.3888889
ProjectionPushdown,With,1000,100221593.31578948
ProjectionPushdown,With,1000,99648954.0
ProjectionPushdown,With,10,5786079.235294118
ProjectionPushdown,With,10,5654325.029411765
ProjectionPushdown,With,10,5638899.431372549
ProjectionPushdown,With,10,5676839.779411765
ProjectionPushdown,With,10,5638452.482352941
ProjectionPushdown,With,10,5656337.764705882
ProjectionPushdown,With,10,5647856.1092436975
ProjectionPushdown,With,10,5587612.279411765
ProjectionPushdown,With,10,5556933.0326797385
ProjectionPushdown,With,10,5617348.252941176
ProjectionPushdown,With,10,5597675.614973262
ProjectionPushdown,With,10,5570808.81372549
ProjectionPushdown,With,10,5614236.864253393
ProjectionPushdown,With,10,5625302.3907563025
ProjectionPushdown,With,10,5732310.705882353
ProjectionPushdown,With,10,5609275.514705882
ProjectionPushdown,With,10,5569004.975778547
ProjectionPushdown,With,10,5614064.937908497
ProjectionPushdown,With,10,5600109.820433437
ProjectionPushdown,With,10,5588612.673529412
ProjectionPushdown,With,100,27616466.14285714
ProjectionPushdown,With,100,27213880.85714286
ProjectionPushdown,With,100,26896595.904761903
ProjectionPushdown,With,100,27440082.464285713
ProjectionPushdown,With,100,21797644.285714287
ProjectionPushdown,With,100,12707236.857142856
ProjectionPushdown,With,100,12687286.040816326
ProjectionPushdown,With,100,12696622.642857144
ProjectionPushdown,With,100,12765438.873015873
ProjectionPushdown,With,100,12770866.757142857
ProjectionPushdown,With,100,12996450.12987013
ProjectionPushdown,With,100,12694871.952380951
ProjectionPushdown,With,100,12688045.681318682
ProjectionPushdown,With,100,12799674.887755102
ProjectionPushdown,With,100,12727270.133333333
ProjectionPushdown,With,100,12714878.13392857
ProjectionPushdown,With,100,12734082.80672269
ProjectionPushdown,With,100,12698614.57936508
ProjectionPushdown,With,100,12697563.218045114
ProjectionPushdown,With,100,15422287.364285715
ProjectionPushdown,Without,1000,179752384.66666666
ProjectionPushdown,Without,1000,179061825.5
ProjectionPushdown,Without,1000,179123030.83333334
ProjectionPushdown,Without,1000,180266484.16666666
ProjectionPushdown,Without,1000,178793283.66666666
ProjectionPushdown,Without,1000,179353479.66666666
ProjectionPushdown,Without,1000,179753003.33333334
ProjectionPushdown,Without,1000,180380011.0
ProjectionPushdown,Without,1000,179366633.83333334
ProjectionPushdown,Without,1000,179868528.0
ProjectionPushdown,Without,1000,181753030.83333334
ProjectionPushdown,Without,1000,179262378.83333334
ProjectionPushdown,Without,1000,179600611.66666666
ProjectionPushdown,Without,1000,179897966.5
ProjectionPushdown,Without,1000,179697581.0
ProjectionPushdown,Without,1000,179729985.83333334
ProjectionPushdown,Without,1000,180068519.33333334
ProjectionPushdown,Without,1000,179663215.83333334
ProjectionPushdown,Without,1000,179560086.66666666
ProjectionPushdown,Without,1000,179831170.83333334
ProjectionPushdown,Without,10,848091512.5
ProjectionPushdown,Without,10,837813477.5
ProjectionPushdown,Without,10,838349580.5
ProjectionPushdown,Without,10,841149073.5
ProjectionPushdown,Without,10,863540664.0
ProjectionPushdown,Without,10,848622092.5
ProjectionPushdown,Without,10,842932257.5
ProjectionPushdown,Without,10,858007602.0
ProjectionPushdown,Without,10,827693585.0
ProjectionPushdown,Without,10,840202478.0
ProjectionPushdown,Without,10,828222747.0
ProjectionPushdown,Without,10,842312462.5
ProjectionPushdown,Without,10,833457742.0
ProjectionPushdown,Without,10,849780389.0
ProjectionPushdown,Without,10,842673513.5
ProjectionPushdown,Without,10,850156403.5
ProjectionPushdown,Without,10,856396925.5
ProjectionPushdown,Without,10,844476300.0
ProjectionPushdown,Without,10,825898952.0
ProjectionPushdown,Without,10,1360481862.0
ProjectionPushdown,Without,100,21199782.4
ProjectionPushdown,Without,100,20787411.5
ProjectionPushdown,Without,100,20775195.333333332
ProjectionPushdown,Without,100,20591782.75
ProjectionPushdown,Without,100,20257310.52
ProjectionPushdown,Without,100,20429056.8
ProjectionPushdown,Without,100,20482542.14285714
ProjectionPushdown,Without,100,20637315.225
ProjectionPushdown,Without,100,20584286.71111111
ProjectionPushdown,Without,100,20419664.34
ProjectionPushdown,Without,100,20374128.29090909
ProjectionPushdown,Without,100,20434778.866666667
ProjectionPushdown,Without,100,20426956.43076923
ProjectionPushdown,Without,100,33708624.95714286
ProjectionPushdown,Without,100,39014246.32
ProjectionPushdown,Without,100,20143123.825
ProjectionPushdown,Without,100,20701481.76470588
ProjectionPushdown,Without,100,23415111.411111113
ProjectionPushdown,Without,100,20169876.74736842
ProjectionPushdown,Without,100,20286899.39
ProjectionPushdown(groupby),With,1000,88299440.5
ProjectionPushdown(groupby),With,1000,87757081.75
ProjectionPushdown(groupby),With,1000,87859984.0
ProjectionPushdown(groupby),With,1000,87745106.5
ProjectionPushdown(groupby),With,1000,87910448.0
ProjectionPushdown(groupby),With,1000,87905918.58333333
ProjectionPushdown(groupby),With,1000,88254135.42857143
ProjectionPushdown(groupby),With,1000,87882069.4375
ProjectionPushdown(groupby),With,1000,87971016.94444445
ProjectionPushdown(groupby),With,1000,87953264.3
ProjectionPushdown(groupby),With,1000,87906167.36363636
ProjectionPushdown(groupby),With,1000,87877453.58333333
ProjectionPushdown(groupby),With,1000,88008268.07692307
ProjectionPushdown(groupby),With,1000,87827613.25
ProjectionPushdown(groupby),With,1000,88221126.56666666
ProjectionPushdown(groupby),With,1000,87848036.96875
ProjectionPushdown(groupby),With,1000,130655926.08823529
ProjectionPushdown(groupby),With,1000,110404384.25
ProjectionPushdown(groupby),With,1000,88074149.5
ProjectionPushdown(groupby),With,1000,87978939.875
ProjectionPushdown(groupby),With,10,5074057.7
ProjectionPushdown(groupby),With,10,4927199.575
ProjectionPushdown(groupby),With,10,4968327.533333333
ProjectionPushdown(groupby),With,10,4844385.8125
ProjectionPushdown(groupby),With,10,4983557.94
ProjectionPushdown(groupby),With,10,4979119.225
ProjectionPushdown(groupby),With,10,5079124.821428572
ProjectionPushdown(groupby),With,10,4946786.66875
ProjectionPushdown(groupby),With,10,4963434.611111111
ProjectionPushdown(groupby),With,10,4905302.905
ProjectionPushdown(groupby),With,10,4922107.304545455
ProjectionPushdown(groupby),With,10,4904420.479166667
ProjectionPushdown(groupby),With,10,4953069.753846154
ProjectionPushdown(groupby),With,10,4951149.614285714
ProjectionPushdown(groupby),With,10,4975884.593333334
ProjectionPushdown(groupby),With,10,4945610.225
ProjectionPushdown(groupby),With,10,4957845.097058823
ProjectionPushdown(groupby),With,10,4944206.472222222
ProjectionPushdown(groupby),With,10,5017939.352631579
ProjectionPushdown(groupby),With,10,4965823.4125
ProjectionPushdown(groupby),With,100,11327298.0
ProjectionPushdown(groupby),With,100,11143012.888888888
ProjectionPushdown(groupby),With,100,11134325.037037037
ProjectionPushdown(groupby),With,100,11130918.444444444
ProjectionPushdown(groupby),With,100,11386686.022222223
ProjectionPushdown(groupby),With,100,11174847.351851853
ProjectionPushdown(groupby),With,100,11166629.063492063
ProjectionPushdown(groupby),With,100,11169462.583333334
ProjectionPushdown(groupby),With,100,11138548.777777778
ProjectionPushdown(groupby),With,100,11149598.2
ProjectionPushdown(groupby),With,100,11156080.323232323
ProjectionPushdown(groupby),With,100,11148883.824074075
ProjectionPushdown(groupby),With,100,11130044.7008547
ProjectionPushdown(groupby),With,100,11154836.03968254
ProjectionPushdown(groupby),With,100,11129306.237037037
ProjectionPushdown(groupby),With,100,11147397.194444444
ProjectionPushdown(groupby),With,100,11144713.045751633
ProjectionPushdown(groupby),With,100,14988290.148148147
ProjectionPushdown(groupby),With,100,20989997.608187135
ProjectionPushdown(groupby),With,100,11176669.994444445
ProjectionPushdown(groupby),Without,1000,164353170.0
ProjectionPushdown(groupby),Without,1000,163977715.5
ProjectionPushdown(groupby),Without,1000,163000744.66666666
ProjectionPushdown(groupby),Without,1000,163435508.5
ProjectionPushdown(groupby),Without,1000,165078335.8
ProjectionPushdown(groupby),Without,1000,165083268.16666666
ProjectionPushdown(groupby),Without,1000,163760260.2857143
ProjectionPushdown(groupby),Without,1000,163748424.875
ProjectionPushdown(groupby),Without,1000,163855193.2222222
ProjectionPushdown(groupby),Without,1000,211761209.0
ProjectionPushdown(groupby),Without,1000,324053230.27272725
ProjectionPushdown(groupby),Without,1000,163771614.91666666
ProjectionPushdown(groupby),Without,1000,164109187.92307693
ProjectionPushdown(groupby),Without,1000,164316623.7142857
ProjectionPushdown(groupby),Without,1000,164045125.4
ProjectionPushdown(groupby),Without,1000,163888535.625
ProjectionPushdown(groupby),Without,1000,163592357.47058824
ProjectionPushdown(groupby),Without,1000,164067575.7222222
ProjectionPushdown(groupby),Without,1000,164176650.7368421
ProjectionPushdown(groupby),Without,1000,164068559.8
ProjectionPushdown(groupby),Without,10,3892142.76
ProjectionPushdown(groupby),Without,10,3933703.72
ProjectionPushdown(groupby),Without,10,3917146.96
ProjectionPushdown(groupby),Without,10,3874695.02
ProjectionPushdown(groupby),Without,10,3882706.048
ProjectionPushdown(groupby),Without,10,3903757.006666667
ProjectionPushdown(groupby),Without,10,3900921.5657142857
ProjectionPushdown(groupby),Without,10,3912948.45
ProjectionPushdown(groupby),Without,10,3900778.933333333
ProjectionPushdown(groupby),Without,10,3902256.424
ProjectionPushdown(groupby),Without,10,3898026.12
ProjectionPushdown(groupby),Without,10,3891516.4966666666
ProjectionPushdown(groupby),Without,10,3888940.0123076923
ProjectionPushdown(groupby),Without,10,3887419.714285714
ProjectionPushdown(groupby),Without,10,3910242.704
ProjectionPushdown(groupby),Without,10,3926572.74
ProjectionPushdown(groupby),Without,10,3994589.345882353
ProjectionPushdown(groupby),Without,10,4101920.0822222224
ProjectionPushdown(groupby),Without,10,4037538.616842105
ProjectionPushdown(groupby),Without,10,4051805.256
ProjectionPushdown(groupby),Without,100,18725790.166666668
ProjectionPushdown(groupby),Without,100,18306000.75
ProjectionPushdown(groupby),Without,100,18450304.222222224
ProjectionPushdown(groupby),Without,100,18633720.25
ProjectionPushdown(groupby),Without,100,18465677.433333334
ProjectionPushdown(groupby),Without,100,18380548.166666668
ProjectionPushdown(groupby),Without,100,18453061.404761903
ProjectionPushdown(groupby),Without,100,18386695.854166668
ProjectionPushdown(groupby),Without,100,18421399.444444444
ProjectionPushdown(groupby),Without,100,18458361.5
ProjectionPushdown(groupby),Without,100,18442814.515151516
ProjectionPushdown(groupby),Without,100,18400809.555555556
ProjectionPushdown(groupby),Without,100,18376789.256410256
ProjectionPushdown(groupby),Without,100,18475325.32142857
ProjectionPushdown(groupby),Without,100,18408047.344444446
ProjectionPushdown(groupby),Without,100,18363033.59375
ProjectionPushdown(groupby),Without,100,18454127.29411765
ProjectionPushdown(groupby),Without,100,18397585.01851852
ProjectionPushdown(groupby),Without,100,18400512.00877193
ProjectionPushdown(groupby),Without,100,18426103.125
PredicatePushdown(join)(selectivity),With,60,208040082.0
PredicatePushdown(join)(selectivity),With,60,173490378.5
PredicatePushdown(join)(selectivity),With,60,172565998.66666666
PredicatePushdown(join)(selectivity),With,60,171960135.25
PredicatePushdown(join)(selectivity),With,60,172738203.0
PredicatePushdown(join)(selectivity),With,60,172525287.16666666
PredicatePushdown(join)(selectivity),With,60,173054180.0
PredicatePushdown(join)(selectivity),With,60,172458474.125
PredicatePushdown(join)(selectivity),With,60,172715705.33333334
PredicatePushdown(join)(selectivity),With,60,172476644.3
PredicatePushdown(join)(selectivity),With,60,174881568.36363637
PredicatePushdown(join)(selectivity),With,60,175094323.33333334
PredicatePushdown(join)(selectivity),With,60,172896300.07692307
PredicatePushdown(join)(selectivity),With,60,172954600.0
PredicatePushdown(join)(selectivity),With,60,172561291.0
PredicatePushdown(join)(selectivity),With,60,172704385.5
PredicatePushdown(join)(selectivity),With,60,173235181.17647058
PredicatePushdown(join)(selectivity),With,60,172810841.83333334
PredicatePushdown(join)(selectivity),With,60,173007808.68421054
PredicatePushdown(join)(selectivity),With,60,197089911.05
PredicatePushdown(join)(selectivity),With,40,272419312.75
PredicatePushdown(join)(selectivity),With,40,255600592.25
PredicatePushdown(join)(selectivity),With,40,254841201.25
PredicatePushdown(join)(selectivity),With,40,256356648.5
PredicatePushdown(join)(selectivity),With,40,254912899.0
PredicatePushdown(join)(selectivity),With,40,256711478.5
PredicatePushdown(join)(selectivity),With,40,255192004.0
PredicatePushdown(join)(selectivity),With,40,256757302.5
PredicatePushdown(join)(selectivity),With,40,257876276.5
PredicatePushdown(join)(selectivity),With,40,255550768.0
PredicatePushdown(join)(selectivity),With,40,255989294.25
PredicatePushdown(join)(selectivity),With,40,257411314.5
PredicatePushdown(join)(selectivity),With,40,259495353.0
PredicatePushdown(join)(selectivity),With,40,255340835.0
PredicatePushdown(join)(selectivity),With,40,262915917.25
PredicatePushdown(join)(selectivity),With,40,256376881.0
PredicatePushdown(join)(selectivity),With,40,255114417.5
PredicatePushdown(join)(selectivity),With,40,257411719.25
PredicatePushdown(join)(selectivity),With,40,255115655.75
PredicatePushdown(join)(selectivity),With,40,255230684.0
PredicatePushdown(join)(selectivity),With,80,108887641.0
PredicatePushdown(join)(selectivity),With,80,96070414.0
PredicatePushdown(join)(selectivity),With,80,95585856.33333333
PredicatePushdown(join)(selectivity),With,80,95709081.5
PredicatePushdown(join)(selectivity),With,80,95090250.8
PredicatePushdown(join)(selectivity),With,80,95430445.16666667
PredicatePushdown(join)(selectivity),With,80,96684058.14285715
PredicatePushdown(join)(selectivity),With,80,96835566.5
PredicatePushdown(join)(selectivity),With,80,95330960.22222222
PredicatePushdown(join)(selectivity),With,80,97044360.0
PredicatePushdown(join)(selectivity),With,80,97239506.81818181
PredicatePushdown(join)(selectivity),With,80,95564157.08333333
PredicatePushdown(join)(selectivity),With,80,95611239.6923077
PredicatePushdown(join)(selectivity),With,80,97868188.28571428
PredicatePushdown(join)(selectivity),With,80,95786724.6
PredicatePushdown(join)(selectivity),With,80,95738168.1875
PredicatePushdown(join)(selectivity),With,80,96471928.11764705
PredicatePushdown(join)(selectivity),With,80,95805179.77777778
PredicatePushdown(join)(selectivity),With,80,96602261.57894737
PredicatePushdown(join)(selectivity),With,80,95607431.95
PredicatePushdown(join)(selectivity),With,20,333914970.3333333
PredicatePushdown(join)(selectivity),With,20,331420710.6666667
PredicatePushdown(join)(selectivity),With,20,444153077.0
PredicatePushdown(join)(selectivity),With,20,688139983.0
PredicatePushdown(join)(selectivity),With,20,607864991.6666666
PredicatePushdown(join)(selectivity),With,20,330195328.0
PredicatePushdown(join)(selectivity),With,20,329330924.0
PredicatePushdown(join)(selectivity),With,20,330265306.0
PredicatePushdown(join)(selectivity),With,20,329851088.6666667
PredicatePushdown(join)(selectivity),With,20,330560117.3333333
PredicatePushdown(join)(selectivity),With,20,329592205.3333333
PredicatePushdown(join)(selectivity),With,20,329923207.6666667
PredicatePushdown(join)(selectivity),With,20,336002032.3333333
PredicatePushdown(join)(selectivity),With,20,329925387.0
PredicatePushdown(join)(selectivity),With,20,329624800.0
PredicatePushdown(join)(selectivity),With,20,329932114.0
PredicatePushdown(join)(selectivity),With,20,338587789.0
PredicatePushdown(join)(selectivity),With,20,330162654.6666667
PredicatePushdown(join)(selectivity),With,20,337052226.3333333
PredicatePushdown(join)(selectivity),With,20,330169151.6666667
PredicatePushdown(join)(selectivity),Without,60,325694152.75
PredicatePushdown(join)(selectivity),Without,60,323177544.75
PredicatePushdown(join)(selectivity),Without,60,323345868.75
PredicatePushdown(join)(selectivity),Without,60,323165874.75
PredicatePushdown(join)(selectivity),Without,60,324026043.25
PredicatePushdown(join)(selectivity),Without,60,325691831.75
PredicatePushdown(join)(selectivity),Without,60,323193145.25
PredicatePushdown(join)(selectivity),Without,60,323445770.75
PredicatePushdown(join)(selectivity),Without,60,328275134.0
PredicatePushdown(join)(selectivity),Without,60,324765056.5
PredicatePushdown(join)(selectivity),Without,60,323256912.0
PredicatePushdown(join)(selectivity),Without,60,323619203.5
PredicatePushdown(join)(selectivity),Without,60,323486378.75
PredicatePushdown(join)(selectivity),Without,60,324154071.25
PredicatePushdown(join)(selectivity),Without,60,325298613.25
PredicatePushdown(join)(selectivity),Without,60,324892219.0
PredicatePushdown(join)(selectivity),Without,60,324811614.0
PredicatePushdown(join)(selectivity),Without,60,322799227.5
PredicatePushdown(join)(selectivity),Without,60,325395046.25
PredicatePushdown(join)(selectivity),Without,60,322673846.0
PredicatePushdown(join)(selectivity),Without,40,363933978.3333333
PredicatePushdown(join)(selectivity),Without,40,365453701.6666667
PredicatePushdown(join)(selectivity),Without,40,361146069.0
PredicatePushdown(join)(selectivity),Without,40,361548603.6666667
PredicatePushdown(join)(selectivity),Without,40,360207412.3333333
PredicatePushdown(join)(selectivity),Without,40,359241895.0
PredicatePushdown(join)(selectivity),Without,40,362448323.6666667
PredicatePushdown(join)(selectivity),Without,40,360058263.3333333
PredicatePushdown(join)(selectivity),Without,40,360577150.0
PredicatePushdown(join)(selectivity),Without,40,360063146.6666667
PredicatePushdown(join)(selectivity),Without,40,360951900.0
PredicatePushdown(join)(selectivity),Without,40,362580441.3333333
PredicatePushdown(join)(selectivity),Without,40,668397943.3333334
PredicatePushdown(join)(selectivity),Without,40,764976967.0
PredicatePushdown(join)(selectivity),Without,40,412289045.6666667
PredicatePushdown(join)(selectivity),Without,40,359867868.6666667
PredicatePushdown(join)(selectivity),Without,40,363466584.3333333
PredicatePushdown(join)(selectivity),Without,40,361004069.3333333
PredicatePushdown(join)(selectivity),Without,40,359605841.3333333
PredicatePushdown(join)(selectivity),Without,40,360198908.6666667
PredicatePushdown(join)(selectivity),Without,80,289383116.0
PredicatePushdown(join)(selectivity),Without,80,290008358.6666667
PredicatePushdown(join)(selectivity),Without,80,290594014.6666667
PredicatePushdown(join)(selectivity),Without,80,291733548.0
PredicatePushdown(join)(selectivity),Without,80,291910741.6666667
PredicatePushdown(join)(selectivity),Without,80,290179824.6666667
PredicatePushdown(join)(selectivity),Without,80,290738614.0
PredicatePushdown(join)(selectivity),Without,80,290397239.0
PredicatePushdown(join)(selectivity),Without,80,289638335.6666667
PredicatePushdown(join)(selectivity),Without,80,290936685.3333333
PredicatePushdown(join)(selectivity),Without,80,289973752.3333333
PredicatePushdown(join)(selectivity),Without,80,289822196.0
PredicatePushdown(join)(selectivity),Without,80,290073866.0
PredicatePushdown(join)(selectivity),Without,80,292751248.0
PredicatePushdown(join)(selectivity),Without,80,291458808.6666667
PredicatePushdown(join)(selectivity),Without,80,291013937.6666667
PredicatePushdown(join)(selectivity),Without,80,290307800.3333333
PredicatePushdown(join)(selectivity),Without,80,290826919.6666667
PredicatePushdown(join)(selectivity),Without,80,289378434.3333333
PredicatePushdown(join)(selectivity),Without,80,294366881.6666667
PredicatePushdown(join)(selectivity),Without,20,419076077.0
PredicatePushdown(join)(selectivity),Without,20,395961559.5
PredicatePushdown(join)(selectivity),Without,20,399698025.5
PredicatePushdown(join)(selectivity),Without,20,399108727.5
PredicatePushdown(join)(selectivity),Without,20,396897395.0
PredicatePushdown(join)(selectivity),Without,20,394971292.0
PredicatePushdown(join)(selectivity),Without,20,395416900.0
PredicatePushdown(join)(selectivity),Without,20,409303439.5
PredicatePushdown(join)(selectivity),Without,20,394687106.5
PredicatePushdown(join)(selectivity),Without,20,396435885.0
PredicatePushdown(join)(selectivity),Without,20,396166665.5
PredicatePushdown(join)(selectivity),Without,20,397411255.5
PredicatePushdown(join)(selectivity),Without,20,397597965.0
PredicatePushdown(join)(selectivity),Without,20,396440245.0
PredicatePushdown(join)(selectivity),Without,20,395785873.5
PredicatePushdown(join)(selectivity),Without,20,397885797.0
PredicatePushdown(join)(selectivity),Without,20,396097809.0
PredicatePushdown(join)(selectivity),Without,20,394470640.0
PredicatePushdown(join)(selectivity),Without,20,395955768.0
PredicatePushdown(join)(selectivity),Without,20,394876577.0
Compiled vs Interpreted,Compiled,1000000,99099225.0
Compiled vs Interpreted,Compiled,1000000,95943082.5
Compiled vs Interpreted,Compiled,1000000,95524291.66666667
Compiled vs Interpreted,Compiled,1000000,95385864.75
Compiled vs Interpreted,Compiled,1000000,95747861.4
Compiled vs Interpreted,Compiled,1000000,95378838.33333333
Compiled vs Interpreted,Compiled,1000000,95033137.14285715
Compiled vs Interpreted,Compiled,1000000,95190697.75
Compiled vs Interpreted,Compiled,1000000,95071279.22222222
Compiled vs Interpreted,Compiled,1000000,94989301.9
Compiled vs Interpreted,Compiled,1000000,95548233.63636364
Compiled vs Interpreted,Compiled,1000000,95904736.5
Compiled vs Interpreted,Compiled,1000000,95223985.6923077
Compiled vs Interpreted,Compiled,1000000,95248505.28571428
Compiled vs Interpreted,Compiled,1000000,95371851.86666666
Compiled vs Interpreted,Compiled,1000000,95078915.375
Compiled vs Interpreted,Compiled,1000000,97512985.23529412
Compiled vs Interpreted,Compiled,1000000,95652072.6111111
Compiled vs Interpreted,Compiled,1000000,95075495.15789473
Compiled vs Interpreted,Compiled,1000000,95549484.35
Compiled vs Interpreted,Compiled,100000,9898332.8
Compiled vs Interpreted,Compiled,100000,9627807.75
Compiled vs Interpreted,Compiled,100000,9763660.9
Compiled vs Interpreted,Compiled,100000,9810220.175
Compiled vs Interpreted,Compiled,100000,9688473.0
Compiled vs Interpreted,Compiled,100000,14582694.1
Compiled vs Interpreted,Compiled,100000,20057469.22857143
Compiled vs Interpreted,Compiled,100000,20123280.925
Compiled vs Interpreted,Compiled,100000,20259433.944444444
Compiled vs Interpreted,Compiled,100000,20006414.01
Compiled vs Interpreted,Compiled,100000,15202565.336363636
Compiled vs Interpreted,Compiled,100000,9724435.3
Compiled vs Interpreted,Compiled,100000,9668243.292307692
Compiled vs Interpreted,Compiled,100000,9740028.278571429
Compiled vs Interpreted,Compiled,100000,9705225.026666667
Compiled vs Interpreted,Compiled,100000,9703984.2375
Compiled vs Interpreted,Compiled,100000,9747713.876470588
Compiled vs Interpreted,Compiled,100000,9769645.083333334
Compiled vs Interpreted,Compiled,100000,9722941.342105264
Compiled vs Interpreted,Compiled,100000,9715453.355
Compiled vs Interpreted,Compiled,10000000,1143042855.0
Compiled vs Interpreted,Compiled,10000000,1143347454.0
Compiled vs Interpreted,Compiled,10000000,1147433098.0
Compiled vs Interpreted,Compiled,10000000,1141190020.0
Compiled vs Interpreted,Compiled,10000000,1139006473.0
Compiled vs Interpreted,Compiled,10000000,1303046513.0
Compiled vs Interpreted,Compiled,10000000,1145826474.0
Compiled vs Interpreted,Compiled,10000000,1347483044.0
Compiled vs Interpreted,Compiled,10000000,1220997195.0
Compiled vs Interpreted,Compiled,10000000,1149373300.0
Compiled vs Interpreted,Compiled,10000000,1156736856.0
Compiled vs Interpreted,Compiled,10000000,1149396997.0
Compiled vs Interpreted,Compiled,10000000,1140302537.0
Compiled vs Interpreted,Compiled,10000000,1161793699.0
Compiled vs Interpreted,Compiled,10000000,1143998694.0
Compiled vs Interpreted,Compiled,10000000,1146396827.0
Compiled vs Interpreted,Compiled,10000000,1466501399.0
Compiled vs Interpreted,Compiled,10000000,1143386562.0
Compiled vs Interpreted,Compiled,10000000,1372877306.0
Compiled vs Interpreted,Compiled,10000000,1239251198.0
Compiled vs Interpreted,Compiled,100000000,12906880971.0
Compiled vs Interpreted,Compiled,100000000,11945426442.0
Compiled vs Interpreted,Compiled,100000000,12171193810.0
Compiled vs Interpreted,Compiled,100000000,12116493938.0
Compiled vs Interpreted,Compiled,100000000,12586808755.0
Compiled vs Interpreted,Compiled,100000000,11618024231.0
Compiled vs Interpreted,Compiled,100000000,11699933806.0
Compiled vs Interpreted,Compiled,100000000,11337845906.0
Compiled vs Interpreted,Compiled,100000000,11524533792.0
Compiled vs Interpreted,Compiled,100000000,12442495048.0
Compiled vs Interpreted,Compiled,100000000,11907120891.0
Compiled vs Interpreted,Compiled,100000000,11696177888.0
Compiled vs Interpreted,Compiled,100000000,11928555835.0
Compiled vs Interpreted,Compiled,100000000,11407739246.0
Compiled vs Interpreted,Compiled,100000000,11380616876.0
Compiled vs Interpreted,Compiled,100000000,11533860766.0
Compiled vs Interpreted,Compiled,100000000,11658252713.0
Compiled vs Interpreted,Compiled,100000000,12321850005.0
Compiled vs Interpreted,Compiled,100000000,17918902022.0
Compiled vs Interpreted,Compiled,100000000,12020049877.0
Compiled vs Interpreted,Interpreted,1000000,129097331.0
Compiled vs Interpreted,Interpreted,1000000,117812732.5
Compiled vs Interpreted,Interpreted,1000000,118226418.33333333
Compiled vs Interpreted,Interpreted,1000000,118929922.25
Compiled vs Interpreted,Interpreted,1000000,126027282.8
Compiled vs Interpreted,Interpreted,1000000,125334331.16666667
Compiled vs Interpreted,Interpreted,1000000,118349853.85714285
Compiled vs Interpreted,Interpreted,1000000,118464406.625
Compiled vs Interpreted,Interpreted,1000000,123835351.44444445
Compiled vs Interpreted,Interpreted,1000000,118269175.1
Compiled vs Interpreted,Interpreted,1000000,117986571.0
Compiled vs Interpreted,Interpreted,1000000,119775433.08333333
Compiled vs Interpreted,Interpreted,1000000,118189086.84615384
Compiled vs Interpreted,Interpreted,1000000,213757708.2142857
Compiled vs Interpreted,Interpreted,1000000,183640349.53333333
Compiled vs Interpreted,Interpreted,1000000,119784749.4375
Compiled vs Interpreted,Interpreted,1000000,118774185.29411764
Compiled vs Interpreted,Interpreted,1000000,118155092.3888889
Compiled vs Interpreted,Interpreted,1000000,118745138.78947368
Compiled vs Interpreted,Interpreted,1000000,118433225.25
Compiled vs Interpreted,Interpreted,100000,11962397.375
Compiled vs Interpreted,Interpreted,100000,12132177.875
Compiled vs Interpreted,Interpreted,100000,11930842.5
Compiled vs Interpreted,Interpreted,100000,11956149.875
Compiled vs Interpreted,Interpreted,100000,12013602.65
Compiled vs Interpreted,Interpreted,100000,11968466.458333334
Compiled vs Interpreted,Interpreted,100000,11984424.589285715
Compiled vs Interpreted,Interpreted,100000,12087287.546875
Compiled vs Interpreted,Interpreted,100000,12064582.125
Compiled vs Interpreted,Interpreted,100000,11987278.4625
Compiled vs Interpreted,Interpreted,100000,11997417.829545455
Compiled vs Interpreted,Interpreted,100000,11989285.895833334
Compiled vs Interpreted,Interpreted,100000,11974864.221153846
Compiled vs Interpreted,Interpreted,100000,11988382.0
Compiled vs Interpreted,Interpreted,100000,11986167.6
Compiled vs Interpreted,Interpreted,100000,11989578.3203125
Compiled vs Interpreted,Interpreted,100000,11991568.823529411
Compiled vs Interpreted,Interpreted,100000,11980952.145833334
Compiled vs Interpreted,Interpreted,100000,19699269.67105263
Compiled vs Interpreted,Interpreted,100000,18949019.13125
Compiled vs Interpreted,Interpreted,10000000,1633589975.0
Compiled vs Interpreted,Interpreted,10000000,1387659255.0
Compiled vs Interpreted,Interpreted,10000000,1379343410.0
Compiled vs Interpreted,Interpreted,10000000,1372316180.0
Compiled vs Interpreted,Interpreted,10000000,1370219171.0
Compiled vs Interpreted,Interpreted,10000000,1381177541.0
Compiled vs Interpreted,Interpreted,10000000,1374001525.0
Compiled vs Interpreted,Interpreted,10000000,1388020993.0
Compiled vs Interpreted,Interpreted,10000000,1380851365.0
Compiled vs Interpreted,Interpreted,10000000,1390131000.0
Compiled vs Interpreted,Interpreted,10000000,1611468504.0
Compiled vs Interpreted,Interpreted,10000000,1386259519.0
Compiled vs Interpreted,Interpreted,10000000,1443386490.0
Compiled vs Interpreted,Interpreted,10000000,1528609558.0
Compiled vs Interpreted,Interpreted,10000000,1371738713.0
Compiled vs Interpreted,Interpreted,10000000,1575836585.0
Compiled vs Interpreted,Interpreted,10000000,1372326218.0
Compiled vs Interpreted,Interpreted,10000000,1385670973.0
Compiled vs Interpreted,Interpreted,10000000,1582149044.0
Compiled vs Interpreted,Interpreted,10000000,1385456713.0
Compiled vs Interpreted,Interpreted,100000000,12626097071.0
Compiled vs Interpreted,Interpreted,100000000,14964949692.0
Compiled vs Interpreted,Interpreted,100000000,14885345049.0
Compiled vs Interpreted,Interpreted,100000000,15435488057.0
Compiled vs Interpreted,Interpreted,100000000,14140550106.0
Compiled vs Interpreted,Interpreted,100000000,16837148041.0
Compiled vs Interpreted,Interpreted,100000000,15615571091.0
Compiled vs Interpreted,Interpreted,100000000,14318875679.0
Compiled vs Interpreted,Interpreted,100000000,15129264105.0
Compiled vs Interpreted,Interpreted,100000000,14204843911.0
Compiled vs Interpreted,Interpreted,100000000,16220492933.0
Compiled vs Interpreted,Interpreted,100000000,14756098151.0
Compiled vs Interpreted,Interpreted,100000000,17949035925.0
Compiled vs Interpreted,Interpreted,100000000,13742697904.0
Compiled vs Interpreted,Interpreted,100000000,16219213173.0
Compiled vs Interpreted,Interpreted,100000000,13765146691.0
Compiled vs Interpreted,Interpreted,100000000,13932698900.0
Compiled vs Interpreted,Interpreted,100000000,14407919792.0
Compiled vs Interpreted,Interpreted,100000000,15949222963.0
Compiled vs Interpreted,Interpreted,100000000,14007670363.0
ProjectionPushdown(filter),With,1000,87642673.5
ProjectionPushdown(filter),With,1000,87072325.25
ProjectionPushdown(filter),With,1000,87266139.16666667
ProjectionPushdown(filter),With,1000,107895404.75
ProjectionPushdown(filter),With,1000,181590178.4
ProjectionPushdown(filter),With,1000,181679725.16666666
ProjectionPushdown(filter),With,1000,88405186.57142857
ProjectionPushdown(filter),With,1000,87441902.1875
ProjectionPushdown(filter),With,1000,87389544.5
ProjectionPushdown(filter),With,1000,87256393.9
ProjectionPushdown(filter),With,1000,87257464.5909091
ProjectionPushdown(filter),With,1000,87236380.25
ProjectionPushdown(filter),With,1000,87266084.11538461
ProjectionPushdown(filter),With,1000,87094144.75
ProjectionPushdown(filter),With,1000,87270255.83333333
ProjectionPushdown(filter),With,1000,87062465.8125
ProjectionPushdown(filter),With,1000,87231054.76470588
ProjectionPushdown(filter),With,1000,87139654.27777778
ProjectionPushdown(filter),With,1000,87206645.5
ProjectionPushdown(filter),With,1000,87269779.575
ProjectionPushdown(filter),With,10,2522594.925925926
ProjectionPushdown(filter),With,10,2521509.611111111
ProjectionPushdown(filter),With,10,2496832.049382716
ProjectionPushdown(filter),With,10,2518279.1481481483
ProjectionPushdown(filter),With,10,2533220.1037037037
ProjectionPushdown(filter),With,10,2505890.339506173
ProjectionPushdown(filter),With,10,2526728.523809524
ProjectionPushdown(filter),With,10,2504867.1203703703
ProjectionPushdown(filter),With,10,2496257.049382716
ProjectionPushdown(filter),With,10,2500339.248148148
ProjectionPushdown(filter),With,10,2488902.925925926
ProjectionPushdown(filter),With,10,2494234.2901234566
ProjectionPushdown(filter),With,10,2507257.9772079773
ProjectionPushdown(filter),With,10,2508512.4894179893
ProjectionPushdown(filter),With,10,2498709.6691358024
ProjectionPushdown(filter),With,10,2512365.9814814813
ProjectionPushdown(filter),With,10,2518961.222222222
ProjectionPushdown(filter),With,10,2504762.66872428
ProjectionPushdown(filter),With,10,4951365.343079922
ProjectionPushdown(filter),With,10,5263559.481481481
ProjectionPushdown(filter),With,100,10316719.5
ProjectionPushdown(filter),With,100,10039126.55
ProjectionPushdown(filter),With,100,10047376.633333333
ProjectionPushdown(filter),With,100,10040360.7
ProjectionPushdown(filter),With,100,10048084.92
ProjectionPushdown(filter),With,100,10083393.966666667
ProjectionPushdown(filter),With,100,10042476.042857142
ProjectionPushdown(filter),With,100,10050242.0375
ProjectionPushdown(filter),With,100,10066611.311111111
ProjectionPushdown(filter),With,100,10059568.86
ProjectionPushdown(filter),With,100,10053737.209090909
ProjectionPushdown(filter),With,100,10056752.816666666
ProjectionPushdown(filter),With,100,10097429.023076924
ProjectionPushdown(filter),With,100,10242165.157142857
ProjectionPushdown(filter),With,100,10076744.393333333
ProjectionPushdown(filter),With,100,10102560.4875
ProjectionPushdown(filter),With,100,19553423.12352941
ProjectionPushdown(filter),With,100,13778836.311111111
ProjectionPushdown(filter),With,100,10058834.415789474
ProjectionPushdown(filter),With,100,14615403.21
ProjectionPushdown(filter),Without,1000,328086873.0
ProjectionPushdown(filter),Without,1000,328070974.5
ProjectionPushdown(filter),Without,1000,255117570.66666666
ProjectionPushdown(filter),Without,1000,158950960.0
ProjectionPushdown(filter),Without,1000,158901536.0
ProjectionPushdown(filter),Without,1000,158882304.33333334
ProjectionPushdown(filter),Without,1000,160040988.57142857
ProjectionPushdown(filter),Without,1000,158777988.25
ProjectionPushdown(filter),Without,1000,158727126.7777778
ProjectionPushdown(filter),Without,1000,159118549.9
ProjectionPushdown(filter),Without,1000,266454013.54545453
ProjectionPushdown(filter),Without,1000,247041118.83333334
ProjectionPushdown(filter),Without,1000,158827874.07692307
ProjectionPushdown(filter),Without,1000,158980588.64285713
ProjectionPushdown(filter),Without,1000,159347947.8
ProjectionPushdown(filter),Without,1000,159347046.8125
ProjectionPushdown(filter),Without,1000,159002275.29411766
ProjectionPushdown(filter),Without,1000,159020395.5
ProjectionPushdown(filter),Without,1000,159053632.68421054
ProjectionPushdown(filter),Without,1000,159353800.2
ProjectionPushdown(filter),Without,10,2908275.0606060605
ProjectionPushdown(filter),Without,10,2918192.0606060605
ProjectionPushdown(filter),Without,10,2890155.9494949495
ProjectionPushdown(filter),Without,10,2892249.946969697
ProjectionPushdown(filter),Without,10,2891294.6606060606
ProjectionPushdown(filter),Without,10,2889014.6565656564
ProjectionPushdown(filter),Without,10,2897712.0216450216
ProjectionPushdown(filter),Without,10,2901582.265151515
ProjectionPushdown(filter),Without,10,2892051.0033670035
ProjectionPushdown(filter),Without,10,6017040.948484848
ProjectionPushdown(filter),Without,10,6074045.539944904
ProjectionPushdown(filter),Without,10,6068414.421717172
ProjectionPushdown(filter),Without,10,5464717.710955711
ProjectionPushdown(filter),Without,10,2895753.1406926406
ProjectionPushdown(filter),Without,10,2896890.9191919193
ProjectionPushdown(filter),Without,10,3397738.149621212
ProjectionPushdown(filter),Without,10,6095622.591800356
ProjectionPushdown(filter),Without,10,6066229.6683501685
ProjectionPushdown(filter),Without,10,6068467.130781499
ProjectionPushdown(filter),Without,10,4213827.883333334
ProjectionPushdown(filter),Without,100,16838300.5
ProjectionPushdown(filter),Without,100,16701453.666666666
ProjectionPushdown(filter),Without,100,16652931.333333334
ProjectionPushdown(filter),Without,100,16603299.208333334
ProjectionPushdown(filter),Without,100,16689045.2
ProjectionPushdown(filter),Without,100,16619477.305555556
ProjectionPushdown(filter),Without,100,16686446.333333334
ProjectionPushdown(filter),Without,100,16637229.5
ProjectionPushdown(filter),Without,100,16644632.148148147
ProjectionPushdown(filter),Without,100,29395917.066666666
ProjectionPushdown(filter),Without,100,35060050.86363637
ProjectionPushdown(filter),Without,100,20825516.680555556
ProjectionPushdown(filter),Without,100,16655199.897435898
ProjectionPushdown(filter),Without,100,16724982.047619049
ProjectionPushdown(filter),Without,100,16648558.477777777
ProjectionPushdown(filter),Without,100,16632806.104166666
ProjectionPushdown(filter),Without,100,16643467.284313725
ProjectionPushdown(filter),Without,100,16624505.574074075
ProjectionPushdown(filter),Without,100,16655713.280701755
ProjectionPushdown(filter),Without,100,16619478.616666667
PredicatePushdown(groupby)(selectivity),With,60,29814442.5
PredicatePushdown(groupby)(selectivity),With,60,29744940.5
PredicatePushdown(groupby)(selectivity),With,60,29818701.416666668
PredicatePushdown(groupby)(selectivity),With,60,29740639.875
PredicatePushdown(groupby)(selectivity),With,60,29900002.65
PredicatePushdown(groupby)(selectivity),With,60,29811621.166666668
PredicatePushdown(groupby)(selectivity),With,60,29820410.25
PredicatePushdown(groupby)(selectivity),With,60,29774391.5
PredicatePushdown(groupby)(selectivity),With,60,30186860.388888888
PredicatePushdown(groupby)(selectivity),With,60,29852800.8
PredicatePushdown(groupby)(selectivity),With,60,29803664.886363637
PredicatePushdown(groupby)(selectivity),With,60,29791578.229166668
PredicatePushdown(groupby)(selectivity),With,60,29930964.96153846
PredicatePushdown(groupby)(selectivity),With,60,29924266.910714287
PredicatePushdown(groupby)(selectivity),With,60,29793993.4
PredicatePushdown(groupby)(selectivity),With,60,29908294.375
PredicatePushdown(groupby)(selectivity),With,60,29873668.602941178
PredicatePushdown(groupby)(selectivity),With,60,30061865.916666668
PredicatePushdown(groupby)(selectivity),With,60,29900277.013157893
PredicatePushdown(groupby)(selectivity),With,60,29867173.125
PredicatePushdown(groupby)(selectivity),With,40,34529007.333333336
PredicatePushdown(groupby)(selectivity),With,40,34631867.0
PredicatePushdown(groupby)(selectivity),With,40,33907168.333333336
PredicatePushdown(groupby)(selectivity),With,40,34086081.666666664
PredicatePushdown(groupby)(selectivity),With,40,34484603.86666667
PredicatePushdown(groupby)(selectivity),With,40,34219862.61111111
PredicatePushdown(groupby)(selectivity),With,40,34207727.28571428
PredicatePushdown(groupby)(selectivity),With,40,34081309.041666664
PredicatePushdown(groupby)(selectivity),With,40,34343776.85185185
PredicatePushdown(groupby)(selectivity),With,40,34484134.36666667
PredicatePushdown(groupby)(selectivity),With,40,34084494.54545455
PredicatePushdown(groupby)(selectivity),With,40,34119672.777777776
PredicatePushdown(groupby)(selectivity),With,40,34223320.76923077
PredicatePushdown(groupby)(selectivity),With,40,34362804.21428572
PredicatePushdown(groupby)(selectivity),With,40,34443211.44444445
PredicatePushdown(groupby)(selectivity),With,40,34117976.8125
PredicatePushdown(groupby)(selectivity),With,40,35016306.7254902
PredicatePushdown(groupby)(selectivity),With,40,36477325.03703704
PredicatePushdown(groupby)(selectivity),With,40,38606238.87719298
PredicatePushdown(groupby)(selectivity),With,40,67302987.28333333
PredicatePushdown(groupby)(selectivity),With,80,25924682.0
PredicatePushdown(groupby)(selectivity),With,80,28815490.5
PredicatePushdown(groupby)(selectivity),With,80,54163487.333333336
PredicatePushdown(groupby)(selectivity),With,80,54146484.3125
PredicatePushdown(groupby)(selectivity),With,80,54242935.95
PredicatePushdown(groupby)(selectivity),With,80,54459750.0
PredicatePushdown(groupby)(selectivity),With,80,32928313.035714287
PredicatePushdown(groupby)(selectivity),With,80,25691253.34375
PredicatePushdown(groupby)(selectivity),With,80,25737983.027777776
PredicatePushdown(groupby)(selectivity),With,80,25759994.15
PredicatePushdown(groupby)(selectivity),With,80,25712328.318181816
PredicatePushdown(groupby)(selectivity),With,80,25675005.895833332
PredicatePushdown(groupby)(selectivity),With,80,25677458.596153848
PredicatePushdown(groupby)(selectivity),With,80,25975814.57142857
PredicatePushdown(groupby)(selectivity),With,80,25650394.35
PredicatePushdown(groupby)(selectivity),With,80,25693954.90625
PredicatePushdown(groupby)(selectivity),With,80,25694409.95588235
PredicatePushdown(groupby)(selectivity),With,80,25747649.138888888
PredicatePushdown(groupby)(selectivity),With,80,25733192.85526316
PredicatePushdown(groupby)(selectivity),With,80,25699469.4
PredicatePushdown(groupby)(selectivity),With,20,38556125.666666664
PredicatePushdown(groupby)(selectivity),With,20,38175751.166666664
PredicatePushdown(groupby)(selectivity),With,20,38586166.44444445
PredicatePushdown(groupby)(selectivity),With,20,39784768.666666664
PredicatePushdown(groupby)(selectivity),With,20,38995678.666666664
PredicatePushdown(groupby)(selectivity),With,20,38793254.44444445
PredicatePushdown(groupby)(selectivity),With,20,38718742.047619045
PredicatePushdown(groupby)(selectivity),With,20,38516287.875
PredicatePushdown(groupby)(selectivity),With,20,38491396.518518515
PredicatePushdown(groupby)(selectivity),With,20,38461369.5
PredicatePushdown(groupby)(selectivity),With,20,38833397.121212125
PredicatePushdown(groupby)(selectivity),With,20,38360940.583333336
PredicatePushdown(groupby)(selectivity),With,20,38486410.94871795
PredicatePushdown(groupby)(selectivity),With,20,38493226.690476194
PredicatePushdown(groupby)(selectivity),With,20,38413856.64444444
PredicatePushdown(groupby)(selectivity),With,20,38527496.458333336
PredicatePushdown(groupby)(selectivity),With,20,39013896.01960784
PredicatePushdown(groupby)(selectivity),With,20,38506933.90740741
PredicatePushdown(groupby)(selectivity),With,20,38553274.75438596
PredicatePushdown(groupby)(selectivity),With,20,38674144.95
PredicatePushdown(groupby)(selectivity),Without,60,37337403.0
PredicatePushdown(groupby)(selectivity),Without,60,37343672.666666664
PredicatePushdown(groupby)(selectivity),Without,60,36794348.55555555
PredicatePushdown(groupby)(selectivity),Without,60,37147966.916666664
PredicatePushdown(groupby)(selectivity),Without,60,38097490.266666666
PredicatePushdown(groupby)(selectivity),Without,60,39328102.833333336
PredicatePushdown(groupby)(selectivity),Without,60,39184258.85714286
PredicatePushdown(groupby)(selectivity),Without,60,39312301.541666664
PredicatePushdown(groupby)(selectivity),Without,60,39661545.074074075
PredicatePushdown(groupby)(selectivity),Without,60,39208394.4
PredicatePushdown(groupby)(selectivity),Without,60,39376655.515151516
PredicatePushdown(groupby)(selectivity),Without,60,39118114.38888889
PredicatePushdown(groupby)(selectivity),Without,60,39224569.92307692
PredicatePushdown(groupby)(selectivity),Without,60,39065881.690476194
PredicatePushdown(groupby)(selectivity),Without,60,39076987.755555555
PredicatePushdown(groupby)(selectivity),Without,60,39200984.895833336
PredicatePushdown(groupby)(selectivity),Without,60,39268641.64705882
PredicatePushdown(groupby)(selectivity),Without,60,39152314.18518519
PredicatePushdown(groupby)(selectivity),Without,60,39105189.631578945
PredicatePushdown(groupby)(selectivity),Without,60,39498837.31666667
PredicatePushdown(groupby)(selectivity),Without,40,40334327.0
PredicatePushdown(groupby)(selectivity),Without,40,40267885.333333336
PredicatePushdown(groupby)(selectivity),Without,40,40241882.666666664
PredicatePushdown(groupby)(selectivity),Without,40,42222399.416666664
PredicatePushdown(groupby)(selectivity),Without,40,39913713.46666667
PredicatePushdown(groupby)(selectivity),Without,40,39534812.777777776
PredicatePushdown(groupby)(selectivity),Without,40,40206810.38095238
PredicatePushdown(groupby)(selectivity),Without,40,39983319.958333336
PredicatePushdown(groupby)(selectivity),Without,40,39860458.55555555
PredicatePushdown(groupby)(selectivity),Without,40,40312423.166666664
PredicatePushdown(groupby)(selectivity),Without,40,40226524.333333336
PredicatePushdown(groupby)(selectivity),Without,40,39340460.083333336
PredicatePushdown(groupby)(selectivity),Without,40,39760012.615384616
PredicatePushdown(groupby)(selectivity),Without,40,39717658.97619048
PredicatePushdown(groupby)(selectivity),Without,40,39402983.93333333
PredicatePushdown(groupby)(selectivity),Without,40,40101252.333333336
PredicatePushdown(groupby)(selectivity),Without,40,39534394.568627454
PredicatePushdown(groupby)(selectivity),Without,40,39538095.09259259
PredicatePushdown(groupby)(selectivity),Without,40,40273618.596491225
PredicatePushdown(groupby)(selectivity),Without,40,39714228.0
PredicatePushdown(groupby)(selectivity),Without,80,38674113.666666664
PredicatePushdown(groupby)(selectivity),Without,80,38142656.666666664
PredicatePushdown(groupby)(selectivity),Without,80,38584646.333333336
PredicatePushdown(groupby)(selectivity),Without,80,38566200.5
PredicatePushdown(groupby)(selectivity),Without,80,37971006.2
PredicatePushdown(groupby)(selectivity),Without,80,38236711.94444445
PredicatePushdown(groupby)(selectivity),Without,80,38465838.952380955
PredicatePushdown(groupby)(selectivity),Without,80,37833871.583333336
PredicatePushdown(groupby)(selectivity),Without,80,37961436.333333336
PredicatePushdown(groupby)(selectivity),Without,80,38068674.0
PredicatePushdown(groupby)(selectivity),Without,80,37783188.54545455
PredicatePushdown(groupby)(selectivity),Without,80,38121124.277777776
PredicatePushdown(groupby)(selectivity),Without,80,38016011.84615385
PredicatePushdown(groupby)(selectivity),Without,80,38043057.333333336
PredicatePushdown(groupby)(selectivity),Without,80,37969066.48888889
PredicatePushdown(groupby)(selectivity),Without,80,38794374.541666664
PredicatePushdown(groupby)(selectivity),Without,80,37920057.039215684
PredicatePushdown(groupby)(selectivity),Without,80,37837871.61111111
PredicatePushdown(groupby)(selectivity),Without,80,37984327.85964912
PredicatePushdown(groupby)(selectivity),Without,80,38055689.61666667
PredicatePushdown(groupby)(selectivity),Without,20,41873774.666666664
PredicatePushdown(groupby)(selectivity),Without,20,40999412.166666664
PredicatePushdown(groupby)(selectivity),Without,20,41891420.666666664
PredicatePushdown(groupby)(selectivity),Without,20,41476611.833333336
PredicatePushdown(groupby)(selectivity),Without,20,41594491.0
PredicatePushdown(groupby)(selectivity),Without,20,41204123.94444445
PredicatePushdown(groupby)(selectivity),Without,20,41331981.0
PredicatePushdown(groupby)(selectivity),Without,20,41043239.708333336
PredicatePushdown(groupby)(selectivity),Without,20,41553760.25925926
PredicatePushdown(groupby)(selectivity),Without,20,41343890.766666666
PredicatePushdown(groupby)(selectivity),Without,20,42004800.96969697
PredicatePushdown(groupby)(selectivity),Without,20,41366763.916666664
PredicatePushdown(groupby)(selectivity),Without,20,40965785.87179487
PredicatePushdown(groupby)(selectivity),Without,20,41487585.547619045
PredicatePushdown(groupby)(selectivity),Without,20,41326609.55555555
PredicatePushdown(groupby)(selectivity),Without,20,41402525.020833336
PredicatePushdown(groupby)(selectivity),Without,20,41177760.35294118
PredicatePushdown(groupby)(selectivity),Without,20,41202385.81481481
PredicatePushdown(groupby)(selectivity),Without,20,41482081.491228074
PredicatePushdown(groupby)(selectivity),Without,20,40955482.233333334
ProjectionPushdown(join),With,1000,90649403.5
ProjectionPushdown(join),With,1000,90592674.25
ProjectionPushdown(join),With,1000,90407504.66666667
ProjectionPushdown(join),With,1000,90618577.25
ProjectionPushdown(join),With,1000,90829586.9
ProjectionPushdown(join),With,1000,137602697.5
ProjectionPushdown(join),With,1000,189512437.14285713
ProjectionPushdown(join),With,1000,110579451.3125
ProjectionPushdown(join),With,1000,90611418.6111111
ProjectionPushdown(join),With,1000,90569184.9
ProjectionPushdown(join),With,1000,90638082.13636364
ProjectionPushdown(join),With,1000,90597339.83333333
ProjectionPushdown(join),With,1000,90564382.46153846
ProjectionPushdown(join),With,1000,90608155.0
ProjectionPushdown(join),With,1000,90691806.8
ProjectionPushdown(join),With,1000,90521532.625
ProjectionPushdown(join),With,1000,90565250.88235295
ProjectionPushdown(join),With,1000,90942396.8611111
ProjectionPushdown(join),With,1000,90699840.39473684
ProjectionPushdown(join),With,1000,147098969.075
ProjectionPushdown(join),With,10,26409494.0
ProjectionPushdown(join),With,10,26033588.75
ProjectionPushdown(join),With,10,26105803.583333332
ProjectionPushdown(join),With,10,26071757.0
ProjectionPushdown(join),With,10,26172885.15
ProjectionPushdown(join),With,10,26003228.583333332
ProjectionPushdown(join),With,10,26123254.535714287
ProjectionPushdown(join),With,10,26548201.625
ProjectionPushdown(join),With,10,26035915.277777776
ProjectionPushdown(join),With,10,26107471.375
ProjectionPushdown(join),With,10,26396826.181818184
ProjectionPushdown(join),With,10,34518895.5
ProjectionPushdown(join),With,10,55407708.461538464
ProjectionPushdown(join),With,10,32737802.39285714
ProjectionPushdown(join),With,10,26147119.25
ProjectionPushdown(join),With,10,26185455.671875
ProjectionPushdown(join),With,10,26309961.61764706
ProjectionPushdown(join),With,10,26188051.638888888
ProjectionPushdown(join),With,10,26134317.44736842
ProjectionPushdown(join),With,10,26235117.4125
ProjectionPushdown(join),With,100,27086465.25
ProjectionPushdown(join),With,100,26900993.25
ProjectionPushdown(join),With,100,26929462.083333332
ProjectionPushdown(join),With,100,27450083.5
ProjectionPushdown(join),With,100,26935016.65
ProjectionPushdown(join),With,100,26967371.75
ProjectionPushdown(join),With,100,26896983.35714286
ProjectionPushdown(join),With,100,26924987.03125
ProjectionPushdown(join),With,100,26983600.111111112
ProjectionPushdown(join),With,100,26981522.3
ProjectionPushdown(join),With,100,26961018.568181816
ProjectionPushdown(join),With,100,26925467.625
ProjectionPushdown(join),With,100,27326934.78846154
ProjectionPushdown(join),With,100,27021987.07142857
ProjectionPushdown(join),With,100,26961958.283333335
ProjectionPushdown(join),With,100,26968359.578125
ProjectionPushdown(join),With,100,26955971.45588235
ProjectionPushdown(join),With,100,27032115.430555556
ProjectionPushdown(join),With,100,26937606.210526317
ProjectionPushdown(join),With,100,27006662.0625
ProjectionPushdown(join),Without,1000,429292841.6666667
ProjectionPushdown(join),Without,1000,429819267.6666667
ProjectionPushdown(join),Without,1000,428824107.3333333
ProjectionPushdown(join),Without,1000,429520950.0
ProjectionPushdown(join),Without,1000,429437996.6666667
ProjectionPushdown(join),Without,1000,429956242.3333333
ProjectionPushdown(join),Without,1000,433044631.6666667
ProjectionPushdown(join),Without,1000,427485362.6666667
ProjectionPushdown(join),Without,1000,429086190.6666667
ProjectionPushdown(join),Without,1000,430311727.0
ProjectionPushdown(join),Without,1000,430108513.3333333
ProjectionPushdown(join),Without,1000,428353476.6666667
ProjectionPushdown(join),Without,1000,431074290.3333333
ProjectionPushdown(join),Without,1000,428540354.3333333
ProjectionPushdown(join),Without,1000,429329430.6666667
ProjectionPushdown(join),Without,1000,431231035.3333333
ProjectionPushdown(join),Without,1000,430067740.6666667
ProjectionPushdown(join),Without,1000,428916208.6666667
ProjectionPushdown(join),Without,1000,430124420.0
ProjectionPushdown(join),Without,1000,430143914.3333333
ProjectionPushdown(join),Without,10,64872935.0
ProjectionPushdown(join),Without,10,34322681.75
ProjectionPushdown(join),Without,10,34351467.666666664
ProjectionPushdown(join),Without,10,34382940.875
ProjectionPushdown(join),Without,10,34275908.2
ProjectionPushdown(join),Without,10,34391876.583333336
ProjectionPushdown(join),Without,10,34422413.5
ProjectionPushdown(join),Without,10,34430508.9375
ProjectionPushdown(join),Without,10,34410910.38888889
ProjectionPushdown(join),Without,10,34558487.9
ProjectionPushdown(join),Without,10,34359290.81818182
ProjectionPushdown(join),Without,10,34376643.416666664
ProjectionPushdown(join),Without,10,34392926.0
ProjectionPushdown(join),Without,10,34399971.28571428
ProjectionPushdown(join),Without,10,34578237.266666666
ProjectionPushdown(join),Without,10,57350100.75
ProjectionPushdown(join),Without,10,71377435.41176471
ProjectionPushdown(join),Without,10,71991571.33333333
ProjectionPushdown(join),Without,10,65232956.44736842
ProjectionPushdown(join),Without,10,34340504.2
ProjectionPushdown(join),Without,100,64309284.0
ProjectionPushdown(join),Without,100,63304121.75
ProjectionPushdown(join),Without,100,63360019.833333336
ProjectionPushdown(join),Without,100,63303116.75
ProjectionPushdown(join),Without,100,63422319.5
ProjectionPushdown(join),Without,100,63456627.916666664
ProjectionPushdown(join),Without,100,63484169.5
ProjectionPushdown(join),Without,100,63216601.375
ProjectionPushdown(join),Without,100,63182512.222222224
ProjectionPushdown(join),Without,100,63346374.05
ProjectionPushdown(join),Without,100,63244357.27272727
ProjectionPushdown(join),Without,100,63087153.666666664
ProjectionPushdown(join),Without,100,63074019.307692304
ProjectionPushdown(join),Without,100,63315011.10714286
ProjectionPushdown(join),Without,100,63576155.3
ProjectionPushdown(join),Without,100,63547640.3125
ProjectionPushdown(join),Without,100,63146800.11764706
ProjectionPushdown(join),Without,100,63372635.80555555
ProjectionPushdown(join),Without,100,63184505.473684214
ProjectionPushdown(join),Without,100,79906671.25
PredicatePushdown(groupby)(row),With,10000,7618838.2105263155
PredicatePushdown(groupby)(row),With,10000,7428391.315789473
PredicatePushdown(groupby)(row),With,10000,7430206.98245614
PredicatePushdown(groupby)(row),With,10000,7400609.868421053
PredicatePushdown(groupby)(row),With,10000,7411469.684210527
PredicatePushdown(groupby)(row),With,10000,7400523.543859649
PredicatePushdown(groupby)(row),With,10000,7392702.563909775
PredicatePushdown(groupby)(row),With,10000,7447014.1644736845
PredicatePushdown(groupby)(row),With,10000,7415083.795321638
PredicatePushdown(groupby)(row),With,10000,7387618.626315789
PredicatePushdown(groupby)(row),With,10000,7399195.133971292
PredicatePushdown(groupby)(row),With,10000,7397285.6271929825
PredicatePushdown(groupby)(row),With,10000,4183312.170040486
PredicatePushdown(groupby)(row),With,10000,3569788.187969925
PredicatePushdown(groupby)(row),With,10000,3524784.838596491
PredicatePushdown(groupby)(row),With,10000,3530491.8947368423
PredicatePushdown(groupby)(row),With,10000,3521613.0433436534
PredicatePushdown(groupby)(row),With,10000,3521750.9736842103
PredicatePushdown(groupby)(row),With,10000,3526576.0166204986
PredicatePushdown(groupby)(row),With,10000,3525577.4
PredicatePushdown(groupby)(row),With,1000000,311532348.25
PredicatePushdown(groupby)(row),With,1000000,311778996.75
PredicatePushdown(groupby)(row),With,1000000,317599518.5
PredicatePushdown(groupby)(row),With,1000000,310620798.5
PredicatePushdown(groupby)(row),With,1000000,311139713.5
PredicatePushdown(groupby)(row),With,1000000,314226458.5
PredicatePushdown(groupby)(row),With,1000000,313301068.75
PredicatePushdown(groupby)(row),With,1000000,309836053.0
PredicatePushdown(groupby)(row),With,1000000,309288571.0
PredicatePushdown(groupby)(row),With,1000000,313031666.75
PredicatePushdown(groupby)(row),With,1000000,315363320.0
PredicatePushdown(groupby)(row),With,1000000,316774607.5
PredicatePushdown(groupby)(row),With,1000000,317897420.25
PredicatePushdown(groupby)(row),With,1000000,316936059.75
PredicatePushdown(groupby)(row),With,1000000,314670581.75
PredicatePushdown(groupby)(row),With,1000000,316814854.75
PredicatePushdown(groupby)(row),With,1000000,325343192.0
PredicatePushdown(groupby)(row),With,1000000,317621901.0
PredicatePushdown(groupby)(row),With,1000000,320378434.5
PredicatePushdown(groupby)(row),With,1000000,316820620.75
PredicatePushdown(groupby)(row),With,100000,31670844.666666668
PredicatePushdown(groupby)(row),With,100000,31849455.666666668
PredicatePushdown(groupby)(row),With,100000,31495021.0
PredicatePushdown(groupby)(row),With,100000,31944597.833333332
PredicatePushdown(groupby)(row),With,100000,31473610.6
PredicatePushdown(groupby)(row),With,100000,32156924.111111112
PredicatePushdown(groupby)(row),With,100000,31887836.42857143
PredicatePushdown(groupby)(row),With,100000,31788788.958333332
PredicatePushdown(groupby)(row),With,100000,31729962.0
PredicatePushdown(groupby)(row),With,100000,31880397.833333332
PredicatePushdown(groupby)(row),With,100000,31819206.78787879
PredicatePushdown(groupby)(row),With,100000,31553935.722222224
PredicatePushdown(groupby)(row),With,100000,32164191.487179488
PredicatePushdown(groupby)(row),With,100000,31876051.23809524
PredicatePushdown(groupby)(row),With,100000,31854664.866666667
PredicatePushdown(groupby)(row),With,100000,31869250.833333332
PredicatePushdown(groupby)(row),With,100000,31827018.37254902
PredicatePushdown(groupby)(row),With,100000,31688213.425925925
PredicatePushdown(groupby)(row),With,100000,31706538.57894737
PredicatePushdown(groupby)(row),With,100000,31718043.433333334
PredicatePushdown(groupby)(row),With,10000000,3288259953.0
PredicatePushdown(groupby)(row),With,10000000,3144839054.0
PredicatePushdown(groupby)(row),With,10000000,3153962960.0
PredicatePushdown(groupby)(row),With,10000000,3353700116.0
PredicatePushdown(groupby)(row),With,10000000,3144141731.0
PredicatePushdown(groupby)(row),With,10000000,3213518591.0
PredicatePushdown(groupby)(row),With,10000000,3157870356.0
PredicatePushdown(groupby)(row),With,10000000,3207596699.0
PredicatePushdown(groupby)(row),With,10000000,3144950867.0
PredicatePushdown(groupby)(row),With,10000000,3209829853.0
PredicatePushdown(groupby)(row),With,10000000,3179778372.0
PredicatePushdown(groupby)(row),With,10000000,3244812179.0
PredicatePushdown(groupby)(row),With,10000000,3143857556.0
PredicatePushdown(groupby)(row),With,10000000,3156178488.0
PredicatePushdown(groupby)(row),With,10000000,3138422361.0
PredicatePushdown(groupby)(row),With,10000000,3278652109.0
PredicatePushdown(groupby)(row),With,10000000,3339405392.0
PredicatePushdown(groupby)(row),With,10000000,3162534383.0
PredicatePushdown(groupby)(row),With,10000000,3156020713.0
PredicatePushdown(groupby)(row),With,10000000,3184236482.0
PredicatePushdown(groupby)(row),Without,10000,4116800.0
PredicatePushdown(groupby)(row),Without,10000,4082327.1041666665
PredicatePushdown(groupby)(row),Without,10000,4090876.5694444445
PredicatePushdown(groupby)(row),Without,10000,4100199.1354166665
PredicatePushdown(groupby)(row),Without,10000,4098991.8
PredicatePushdown(groupby)(row),Without,10000,4083538.298611111
PredicatePushdown(groupby)(row),Without,10000,4071206.9345238097
PredicatePushdown(groupby)(row),Without,10000,4079681.46875
PredicatePushdown(groupby)(row),Without,10000,4081216.6203703703
PredicatePushdown(groupby)(row),Without,10000,4074357.7333333334
PredicatePushdown(groupby)(row),Without,10000,4094408.477272727
PredicatePushdown(groupby)(row),Without,10000,4077788.388888889
PredicatePushdown(groupby)(row),Without,10000,4048422.951923077
PredicatePushdown(groupby)(row),Without,10000,4074002.494047619
PredicatePushdown(groupby)(row),Without,10000,4056386.211111111
PredicatePushdown(groupby)(row),Without,10000,4057925.328125
PredicatePushdown(groupby)(row),Without,10000,4084424.2475490198
PredicatePushdown(groupby)(row),Without,10000,7310558.685185186
PredicatePushdown(groupby)(row),Without,10000,5973316.256578947
PredicatePushdown(groupby)(row),Without,10000,4077875.0083333333
PredicatePushdown(groupby)(row),Without,1000000,376545960.3333333
PredicatePushdown(groupby)(row),Without,1000000,376839760.0
PredicatePushdown(groupby)(row),Without,1000000,382420999.3333333
PredicatePushdown(groupby)(row),Without,1000000,380483117.3333333
PredicatePushdown(groupby)(row),Without,1000000,380306975.0
PredicatePushdown(groupby)(row),Without,1000000,382823576.6666667
PredicatePushdown(groupby)(row),Without,1000000,386006738.3333333
PredicatePushdown(groupby)(row),Without,1000000,377928109.6666667
PredicatePushdown(groupby)(row),Without,1000000,379240198.6666667
PredicatePushdown(groupby)(row),Without,1000000,381963763.6666667
PredicatePushdown(groupby)(row),Without,1000000,381170286.6666667
PredicatePushdown(groupby)(row),Without,1000000,377570660.6666667
PredicatePushdown(groupby)(row),Without,1000000,377039268.0
PredicatePushdown(groupby)(row),Without,1000000,377053730.3333333
PredicatePushdown(groupby)(row),Without,1000000,383922391.6666667
PredicatePushdown(groupby)(row),Without,1000000,378360733.6666667
PredicatePushdown(groupby)(row),Without,1000000,377534157.3333333
PredicatePushdown(groupby)(row),Without,1000000,380872057.6666667
PredicatePushdown(groupby)(row),Without,1000000,377311553.6666667
PredicatePushdown(groupby)(row),Without,1000000,384692754.3333333
PredicatePushdown(groupby)(row),Without,100000,38915937.333333336
PredicatePushdown(groupby)(row),Without,100000,37601924.0
PredicatePushdown(groupby)(row),Without,100000,37159787.222222224
PredicatePushdown(groupby)(row),Without,100000,37503864.833333336
PredicatePushdown(groupby)(row),Without,100000,37159327.0
PredicatePushdown(groupby)(row),Without,100000,37052791.833333336
PredicatePushdown(groupby)(row),Without,100000,37235035.571428575
PredicatePushdown(groupby)(row),Without,100000,37337013.125
PredicatePushdown(groupby)(row),Without,100000,37969638.666666664
PredicatePushdown(groupby)(row),Without,100000,36691803.7
PredicatePushdown(groupby)(row),Without,100000,37483125.27272727
PredicatePushdown(groupby)(row),Without,100000,36905646.36111111
PredicatePushdown(groupby)(row),Without,100000,37295374.92307692
PredicatePushdown(groupby)(row),Without,100000,37130510.928571425
PredicatePushdown(groupby)(row),Without,100000,37500598.53333333
PredicatePushdown(groupby)(row),Without,100000,37227236.958333336
PredicatePushdown(groupby)(row),Without,100000,37186522.23529412
PredicatePushdown(groupby)(row),Without,100000,39400203.94444445
PredicatePushdown(groupby)(row),Without,100000,39037132.84210526
PredicatePushdown(groupby)(row),Without,100000,39538799.28333333
PredicatePushdown(groupby)(row),Without,10000000,3948784136.0
PredicatePushdown(groupby)(row),Without,10000000,3862833303.0
PredicatePushdown(groupby)(row),Without,10000000,3856376826.0
PredicatePushdown(groupby)(row),Without,10000000,4111572879.0
PredicatePushdown(groupby)(row),Without,10000000,3841053476.0
PredicatePushdown(groupby)(row),Without,10000000,3813760273.0
PredicatePushdown(groupby)(row),Without,10000000,3783356047.0
PredicatePushdown(groupby)(row),Without,10000000,3852143144.0
PredicatePushdown(groupby)(row),Without,10000000,3773572002.0
PredicatePushdown(groupby)(row),Without,10000000,3930524901.0
PredicatePushdown(groupby)(row),Without,10000000,3804682955.0
PredicatePushdown(groupby)(row),Without,10000000,3854738965.0
PredicatePushdown(groupby)(row),Without,10000000,3837443667.0
PredicatePushdown(groupby)(row),Without,10000000,3791098627.0
PredicatePushdown(groupby)(row),Without,10000000,3818706807.0
PredicatePushdown(groupby)(row),Without,10000000,3845055085.0
PredicatePushdown(groupby)(row),Without,10000000,3835419647.0
PredicatePushdown(groupby)(row),Without,10000000,4051599623.0
PredicatePushdown(groupby)(row),Without,10000000,3745818595.0
PredicatePushdown(groupby)(row),Without,10000000,3834280470.0
PredicatePushdown(join)(row),With,10000,17212233.333333332
PredicatePushdown(join)(row),With,10000,16263185.583333334
PredicatePushdown(join)(row),With,10000,16286289.833333334
PredicatePushdown(join)(row),With,10000,16322686.333333334
PredicatePushdown(join)(row),With,10000,16407123.4
PredicatePushdown(join)(row),With,10000,16259870.694444444
PredicatePushdown(join)(row),With,10000,16767273.547619049
PredicatePushdown(join)(row),With,10000,16280315.833333334
PredicatePushdown(join)(row),With,10000,16352623.592592593
PredicatePushdown(join)(row),With,10000,16265035.616666667
PredicatePushdown(join)(row),With,10000,16262793.181818182
PredicatePushdown(join)(row),With,10000,16291983.708333334
PredicatePushdown(join)(row),With,10000,16301917.538461538
PredicatePushdown(join)(row),With,10000,16264565.797619049
PredicatePushdown(join)(row),With,10000,16306125.677777778
PredicatePushdown(join)(row),With,10000,16332101.3125
PredicatePushdown(join)(row),With,10000,16387502.18627451
PredicatePushdown(join)(row),With,10000,16388596.870370371
PredicatePushdown(join)(row),With,10000,16515275.684210526
PredicatePushdown(join)(row),With,10000,16367130.0
PredicatePushdown(join)(row),With,1000000,2588231230.0
PredicatePushdown(join)(row),With,1000000,2448126753.0
PredicatePushdown(join)(row),With,1000000,2430918053.0
PredicatePushdown(join)(row),With,1000000,3707520608.0
PredicatePushdown(join)(row),With,1000000,3553212341.0
PredicatePushdown(join)(row),With,1000000,2497989969.0
PredicatePushdown(join)(row),With,1000000,2435032054.0
PredicatePushdown(join)(row),With,1000000,2575523755.0
PredicatePushdown(join)(row),With,1000000,2456273288.0
PredicatePushdown(join)(row),With,1000000,2459898941.0
PredicatePushdown(join)(row),With,1000000,2445660793.0
PredicatePushdown(join)(row),With,1000000,2493386588.0
PredicatePushdown(join)(row),With,1000000,2494701829.0
PredicatePushdown(join)(row),With,1000000,2451075069.0
PredicatePushdown(join)(row),With,1000000,2540641560.0
PredicatePushdown(join)(row),With,1000000,2444193750.0
PredicatePushdown(join)(row),With,1000000,2461109147.0
PredicatePushdown(join)(row),With,1000000,2444453452.0
PredicatePushdown(join)(row),With,1000000,2452760338.0
PredicatePushdown(join)(row),With,1000000,2439277150.0
PredicatePushdown(join)(row),With,100000,221060705.2
PredicatePushdown(join)(row),With,100000,218240768.0
PredicatePushdown(join)(row),With,100000,218906471.2
PredicatePushdown(join)(row),With,100000,219317999.4
PredicatePushdown(join)(row),With,100000,218579697.2
PredicatePushdown(join)(row),With,100000,218464818.2
PredicatePushdown(join)(row),With,100000,226231964.4
PredicatePushdown(join)(row),With,100000,219105778.8
PredicatePushdown(join)(row),With,100000,218837260.8
PredicatePushdown(join)(row),With,100000,217723201.6
PredicatePushdown(join)(row),With,100000,220329681.4
PredicatePushdown(join)(row),With,100000,225519738.4
PredicatePushdown(join)(row),With,100000,218378159.2
PredicatePushdown(join)(row),With,100000,218533156.8
PredicatePushdown(join)(row),With,100000,225737999.2
PredicatePushdown(join)(row),With,100000,218613780.4
PredicatePushdown(join)(row),With,100000,218206142.2
PredicatePushdown(join)(row),With,100000,218682591.0
PredicatePushdown(join)(row),With,100000,218722107.4
PredicatePushdown(join)(row),With,100000,218865927.2
PredicatePushdown(join)(row),With,10000000,26167167402.0
PredicatePushdown(join)(row),With,10000000,25991870922.0
PredicatePushdown(join)(row),With,10000000,30537251544.0
PredicatePushdown(join)(row),With,10000000,25962244281.0
PredicatePushdown(join)(row),With,10000000,25693571551.0
PredicatePushdown(join)(row),With,10000000,28270644016.0
PredicatePushdown(join)(row),With,10000000,26100427256.0
PredicatePushdown(join)(row),With,10000000,28247842400.0
PredicatePushdown(join)(row),With,10000000,25957083535.0
PredicatePushdown(join)(row),With,10000000,26365621291.0
PredicatePushdown(join)(row),With,10000000,28506325687.0
PredicatePushdown(join)(row),With,10000000,25806643865.0
PredicatePushdown(join)(row),With,10000000,28512923342.0
PredicatePushdown(join)(row),With,10000000,28355767200.0
PredicatePushdown(join)(row),With,10000000,27931047322.0
PredicatePushdown(join)(row),With,10000000,30787317522.0
PredicatePushdown(join)(row),With,10000000,25872967176.0
PredicatePushdown(join)(row),With,10000000,26293142012.0
PredicatePushdown(join)(row),With,10000000,26433088495.0
PredicatePushdown(join)(row),With,10000000,25847719494.0
PredicatePushdown(join)(row),Without,10000,31610135.5
PredicatePushdown(join)(row),Without,10000,31122295.0
PredicatePushdown(join)(row),Without,10000,31144833.666666668
PredicatePushdown(join)(row),Without,10000,31064161.375
PredicatePushdown(join)(row),Without,10000,31304879.3
PredicatePushdown(join)(row),Without,10000,31097991.333333332
PredicatePushdown(join)(row),Without,10000,31241022.35714286
PredicatePushdown(join)(row),Without,10000,31095100.5625
PredicatePushdown(join)(row),Without,10000,31166774.444444444
PredicatePushdown(join)(row),Without,10000,31203545.85
PredicatePushdown(join)(row),Without,10000,31162569.90909091
PredicatePushdown(join)(row),Without,10000,31138136.25
PredicatePushdown(join)(row),Without,10000,31147525.615384616
PredicatePushdown(join)(row),Without,10000,31168217.285714287
PredicatePushdown(join)(row),Without,10000,31172399.866666667
PredicatePushdown(join)(row),Without,10000,41248496.59375
PredicatePushdown(join)(row),Without,10000,64640662.11764706
PredicatePushdown(join)(row),Without,10000,53341794.94444445
PredicatePushdown(join)(row),Without,10000,31153031.42105263
PredicatePushdown(join)(row),Without,10000,31145762.725
PredicatePushdown(join)(row),Without,1000000,3894846170.0
PredicatePushdown(join)(row),Without,1000000,3639625606.0
PredicatePushdown(join)(row),Without,1000000,5562274213.0
PredicatePushdown(join)(row),Without,1000000,4024016706.0
PredicatePushdown(join)(row),Without,1000000,3914701326.0
PredicatePushdown(join)(row),Without,1000000,3651361162.0
PredicatePushdown(join)(row),Without,1000000,3662417429.0
PredicatePushdown(join)(row),Without,1000000,3643953606.0
PredicatePushdown(join)(row),Without,1000000,3708895027.0
PredicatePushdown(join)(row),Without,1000000,3691151240.0
PredicatePushdown(join)(row),Without,1000000,3651204787.0
PredicatePushdown(join)(row),Without,1000000,3662878208.0
PredicatePushdown(join)(row),Without,1000000,3713612019.0
PredicatePushdown(join)(row),Without,1000000,3676759226.0
PredicatePushdown(join)(row),Without,1000000,3659376125.0
PredicatePushdown(join)(row),Without,1000000,3738186116.0
PredicatePushdown(join)(row),Without,1000000,3666618473.0
PredicatePushdown(join)(row),Without,1000000,3636305578.0
PredicatePushdown(join)(row),Without,1000000,3663190400.0
PredicatePushdown(join)(row),Without,1000000,5572877827.0
PredicatePushdown(join)(row),Without,100000,350682578.3333333
PredicatePushdown(join)(row),Without,100000,347103410.3333333
PredicatePushdown(join)(row),Without,100000,351633308.3333333
PredicatePushdown(join)(row),Without,100000,346559302.3333333
PredicatePushdown(join)(row),Without,100000,346964179.0
PredicatePushdown(join)(row),Without,100000,350434221.3333333
PredicatePushdown(join)(row),Without,100000,346862042.3333333
PredicatePushdown(join)(row),Without,100000,348387185.0
PredicatePushdown(join)(row),Without,100000,347454233.6666667
PredicatePushdown(join)(row),Without,100000,348346254.3333333
PredicatePushdown(join)(row),Without,100000,347008850.3333333
PredicatePushdown(join)(row),Without,100000,346878046.6666667
PredicatePushdown(join)(row),Without,100000,347029202.6666667
PredicatePushdown(join)(row),Without,100000,346312991.3333333
PredicatePushdown(join)(row),Without,100000,348820171.0
PredicatePushdown(join)(row),Without,100000,346961101.0
PredicatePushdown(join)(row),Without,100000,346350516.6666667
PredicatePushdown(join)(row),Without,100000,346334673.0
PredicatePushdown(join)(row),Without,100000,349325527.3333333
PredicatePushdown(join)(row),Without,100000,354953648.0
PredicatePushdown(join)(row),Without,10000000,37808571150.0
PredicatePushdown(join)(row),Without,10000000,39772334225.0
PredicatePushdown(join)(row),Without,10000000,40392281721.0
PredicatePushdown(join)(row),Without,10000000,37845085125.0
PredicatePushdown(join)(row),Without,10000000,40726261907.0
PredicatePushdown(join)(row),Without,10000000,38367849098.0
PredicatePushdown(join)(row),Without,10000000,40407269333.0
PredicatePushdown(join)(row),Without,10000000,38068756737.0
PredicatePushdown(join)(row),Without,10000000,40783931858.0
PredicatePushdown(join)(row),Without,10000000,41082265465.0
PredicatePushdown(join)(row),Without,10000000,40447966185.0
PredicatePushdown(join)(row),Without,10000000,38050362700.0
PredicatePushdown(join)(row),Without,10000000,40436425922.0
PredicatePushdown(join)(row),Without,10000000,37828098734.0
PredicatePushdown(join)(row),Without,10000000,37807650748.0
PredicatePushdown(join)(row),Without,10000000,37977189478.0
PredicatePushdown(join)(row),Without,10000000,37907549191.0
PredicatePushdown(join)(row),Without,10000000,41319467044.0
PredicatePushdown(join)(row),Without,10000000,42614079608.0
PredicatePushdown(join)(row),Without,10000000,44760548475.0
Expression (execution time),Compiled Expression,1,5.958678279829766
Expression (execution time),Compiled Expression,1,5.944513096891928
Expression (execution time),Compiled Expression,1,5.948629700414256
Expression (execution time),Compiled Expression,1,5.945568598304506
Expression (execution time),Compiled Expression,1,5.946190291575933
Expression (execution time),Compiled Expression,1,5.943552709642508
Expression (execution time),Compiled Expression,1,5.9444761173987315
Expression (execution time),Compiled Expression,1,5.943602244577508
Expression (execution time),Compiled Expression,1,5.943380427056929
Expression (execution time),Compiled Expression,1,5.94771977735218
Expression (execution time),Compiled Expression,1,5.943688325619482
Expression (execution time),Compiled Expression,1,5.945370052049181
Expression (execution time),Compiled Expression,1,5.944252551837427
Expression (execution time),Compiled Expression,1,5.944934242303988
Expression (execution time),Compiled Expression,1,5.973983894613215
Expression (execution time),Compiled Expression,1,5.944734643836599
Expression (execution time),Compiled Expression,1,5.984154871317868
Expression (execution time),Compiled Expression,1,5.976218370388734
Expression (execution time),Compiled Expression,1,5.8506255907165565
Expression (execution time),Compiled Expression,1,5.95599283644944
Expression (execution time),Compiled Expression,1000,6333.726926611527
Expression (execution time),Compiled Expression,1000,6514.952179335696
Expression (execution time),Compiled Expression,1000,6256.844251892696
Expression (execution time),Compiled Expression,1000,6241.759944860181
Expression (execution time),Compiled Expression,1000,6245.200761454641
Expression (execution time),Compiled Expression,1000,6238.840991641504
Expression (execution time),Compiled Expression,1000,6239.898103865414
Expression (execution time),Compiled Expression,1000,6238.525534987528
Expression (execution time),Compiled Expression,1000,6231.785239158024
Expression (execution time),Compiled Expression,1000,6239.625128003151
Expression (execution time),Compiled Expression,1000,6241.142152123838
Expression (execution time),Compiled Expression,1000,6241.190008095926
Expression (execution time),Compiled Expression,1000,6241.16674745761
Expression (execution time),Compiled Expression,1000,6241.883020124158
Expression (execution time),Compiled Expression,1000,6238.907610170233
Expression (execution time),Compiled Expression,1000,6240.078721937771
Expression (execution time),Compiled Expression,1000,6244.695951007421
Expression (execution time),Compiled Expression,1000,6298.649822035505
Expression (execution time),Compiled Expression,1000,6247.476303006433
Expression (execution time),Compiled Expression,1000,6259.958815806748
Expression (execution time),Compiled Expression,50,321.7596406040145
Expression (execution time),Compiled Expression,50,320.02669641637146
Expression (execution time),Compiled Expression,50,320.99923015140354
Expression (execution time),Compiled Expression,50,320.6590128941308
Expression (execution time),Compiled Expression,50,319.5218773641184
Expression (execution time),Compiled Expression,50,320.1288646566175
Expression (execution time),Compiled Expression,50,320.3045267764006
Expression (execution time),Compiled Expression,50,321.39289231451147
Expression (execution time),Compiled Expression,50,321.4289163871846
Expression (execution time),Compiled Expression,50,328.12933556400577
Expression (execution time),Compiled Expression,50,320.5273723440451
Expression (execution time),Compiled Expression,50,320.8517091638644
Expression (execution time),Compiled Expression,50,320.26248991544486
Expression (execution time),Compiled Expression,50,321.21486774267726
Expression (execution time),Compiled Expression,50,320.18086065296046
Expression (execution time),Compiled Expression,50,321.68117020319335
Expression (execution time),Compiled Expression,50,320.7857482146158
Expression (execution time),Compiled Expression,50,323.3256307740959
Expression (execution time),Compiled Expression,50,320.4525722221998
Expression (execution time),Compiled Expression,50,322.3051441549828
Expression (execution time),Compiled Expression,100,625.0919689631966
Expression (execution time),Compiled Expression,100,622.9059988651509
Expression (execution time),Compiled Expression,100,622.7978934913325
Expression (execution time),Compiled Expression,100,623.3897464404006
Expression (execution time),Compiled Expression,100,623.522262836331
Expression (execution time),Compiled Expression,100,625.2286918884681
Expression (execution time),Compiled Expression,100,640.6727543843443
Expression (execution time),Compiled Expression,100,623.0577742112139
Expression (execution time),Compiled Expression,100,622.9110932233087
Expression (execution time),Compiled Expression,100,622.8707974294348
Expression (execution time),Compiled Expression,100,629.3715695107073
Expression (execution time),Compiled Expression,100,627.6865672134176
Expression (execution time),Compiled Expression,100,638.2741690884563
Expression (execution time),Compiled Expression,100,623.0278334938837
Expression (execution time),Compiled Expression,100,626.1769608037195
Expression (execution time),Compiled Expression,100,623.0205947071165
Expression (execution time),Compiled Expression,100,623.0550626922626
Expression (execution time),Compiled Expression,100,623.0097257594618
Expression (execution time),Compiled Expression,100,622.9507028216349
Expression (execution time),Compiled Expression,100,623.0290217864637
Expression (execution time),Expression,1,21.280822699553266
Expression (execution time),Expression,1,21.05062056038612
Expression (execution time),Expression,1,21.10065235507396
Expression (execution time),Expression,1,21.059828679456164
Expression (execution time),Expression,1,21.046054655593284
Expression (execution time),Expression,1,21.110179072476626
Expression (execution time),Expression,1,21.04218765320807
Expression (execution time),Expression,1,21.055512581293108
Expression (execution time),Expression,1,21.01921859395733
Expression (execution time),Expression,1,21.04939266227296
Expression (execution time),Expression,1,21.014368392744164
Expression (execution time),Expression,1,21.06265269621261
Expression (execution time),Expression,1,21.11945096962931
Expression (execution time),Expression,1,21.35441112086892
Expression (execution time),Expression,1,21.017605240937918
Expression (execution time),Expression,1,21.073882054327708
Expression (execution time),Expression,1,21.02075592223442
Expression (execution time),Expression,1,21.066908503839993
Expression (execution time),Expression,1,21.0688443364223
Expression (execution time),Expression,1,21.05738926637248
Expression (execution time),Expression,1000,20697.79208772307
Expression (execution time),Expression,1000,20474.245646097614
Expression (execution time),Expression,1000,20513.90561169641
Expression (execution time),Expression,1000,20505.39695764352
Expression (execution time),Expression,1000,20478.256331971617
Expression (execution time),Expression,1000,20745.48408944313
Expression (execution time),Expression,1000,20485.730657001568
Expression (execution time),Expression,1000,20475.387067297357
Expression (execution time),Expression,1000,20476.916433741848
Expression (execution time),Expression,1000,20884.63837884326
Expression (execution time),Expression,1000,20479.173843357246
Expression (execution time),Expression,1000,22484.423081057837
Expression (execution time),Expression,1000,43575.05727469692
Expression (execution time),Expression,1000,43614.42027828117
Expression (execution time),Expression,1000,43993.19337776822
Expression (execution time),Expression,1000,21003.149954310902
Expression (execution time),Expression,1000,20533.918120075377
Expression (execution time),Expression,1000,20589.399089801478
Expression (execution time),Expression,1000,20522.86939990268
Expression (execution time),Expression,1000,20498.567480111804
Expression (execution time),Expression,50,1036.1003474529196
Expression (execution time),Expression,50,1082.6022154208101
Expression (execution time),Expression,50,1050.0779100543507
Expression (execution time),Expression,50,1034.8625981636187
Expression (execution time),Expression,50,1033.2701789545915
Expression (execution time),Expression,50,1034.4840523829753
Expression (execution time),Expression,50,1033.211597738833
Expression (execution time),Expression,50,1034.495768480901
Expression (execution time),Expression,50,1041.1888892519537
Expression (execution time),Expression,50,1033.542176863339
Expression (execution time),Expression,50,1033.4634619935619
Expression (execution time),Expression,50,1032.8959674403575
Expression (execution time),Expression,50,1059.1405806074854
Expression (execution time),Expression,50,1033.487086825886
Expression (execution time),Expression,50,1033.3483976139387
Expression (execution time),Expression,50,1037.2561165056475
Expression (execution time),Expression,50,1032.6464149176024
Expression (execution time),Expression,50,1038.6290646606133
Expression (execution time),Expression,50,1039.5552499442504
Expression (execution time),Expression,50,1034.1363208112318
Expression (execution time),Expression,100,2135.473128267162
Expression (execution time),Expression,100,2059.801907374606
Expression (execution time),Expression,100,2132.484108811797
Expression (execution time),Expression,100,2060.361169914028
Expression (execution time),Expression,100,2131.393299347648
Expression (execution time),Expression,100,2060.6131284111693
Expression (execution time),Expression,100,2130.994180054188
Expression (execution time),Expression,100,2059.8943194582453
Expression (execution time),Expression,100,2131.076544596612
Expression (execution time),Expression,100,2060.5981747094656
Expression (execution time),Expression,100,2172.274325752012
Expression (execution time),Expression,100,2061.8995982200718
Expression (execution time),Expression,100,2136.142641844266
Expression (execution time),Expression,100,2069.9549725666393
Expression (execution time),Expression,100,3954.0735113261617
Expression (execution time),Expression,100,3466.8685102281074
Expression (execution time),Expression,100,2131.4491447246373
Expression (execution time),Expression,100,2060.049700465143
Expression (execution time),Expression,100,2131.1135261361596
Expression (execution time),Expression,100,2078.7475633991444
Expression (execution time),Closure,1,1.4774823739739371
Expression (execution time),Closure,1,1.4749906615944577
Expression (execution time),Closure,1,1.4750209839954895
Expression (execution time),Closure,1,1.475850183939614
Expression (execution time),Closure,1,1.4751958539163392
Expression (execution time),Closure,1,1.4754487980426843
Expression (execution time),Closure,1,1.4751633540464484
Expression (execution time),Closure,1,1.4751783262795548
Expression (execution time),Closure,1,1.4754423738932714
Expression (execution time),Closure,1,1.4751814759838788
Expression (execution time),Closure,1,1.479755374684092
Expression (execution time),Closure,1,1.4762662177807857
Expression (execution time),Closure,1,1.4764237506743378
Expression (execution time),Closure,1,1.4819338150091064
Expression (execution time),Closure,1,1.4758352927508795
Expression (execution time),Closure,1,1.4760162558033303
Expression (execution time),Closure,1,1.4761845187706915
Expression (execution time),Closure,1,1.4761564792581505
Expression (execution time),Closure,1,1.476264021071289
Expression (execution time),Closure,1,1.479297383294255
Expression (execution time),Closure,1000,1209.7026321404812
Expression (execution time),Closure,1000,1190.5569418468915
Expression (execution time),Closure,1000,1190.5231436736162
Expression (execution time),Closure,1000,1194.9772872761048
Expression (execution time),Closure,1000,1191.2806210696758
Expression (execution time),Closure,1000,1193.5723095976268
Expression (execution time),Closure,1000,1191.2618656118261
Expression (execution time),Closure,1000,1191.099088102022
Expression (execution time),Closure,1000,1190.9485998318041
Expression (execution time),Closure,1000,1190.9022455409256
Expression (execution time),Closure,1000,1191.2205831171927
Expression (execution time),Closure,1000,1191.9099817160168
Expression (execution time),Closure,1000,1191.2601407554525
Expression (execution time),Closure,1000,1191.5830014542312
Expression (execution time),Closure,1000,1191.8172873597844
Expression (execution time),Closure,1000,1194.3030146606584
Expression (execution time),Closure,1000,1190.8993342306735
Expression (execution time),Closure,1000,1191.2054793374252
Expression (execution time),Closure,1000,1191.8282651047657
Expression (execution time),Closure,1000,1191.9549216131745
Expression (execution time),Closure,50,59.622869950408116
Expression (execution time),Closure,50,59.309368698619515
Expression (execution time),Closure,50,59.34199234246328
Expression (execution time),Closure,50,59.29836298817108
Expression (execution time),Closure,50,59.298554104739104
Expression (execution time),Closure,50,59.316670746893266
Expression (execution time),Closure,50,59.31014963708231
Expression (execution time),Closure,50,59.30066901700177
Expression (execution time),Closure,50,59.30006553972123
Expression (execution time),Closure,50,59.30401070701294
Expression (execution time),Closure,50,59.29676323353966
Expression (execution time),Closure,50,59.31994525851714
Expression (execution time),Closure,50,59.31534688946093
Expression (execution time),Closure,50,59.31897667560935
Expression (execution time),Closure,50,59.29861374041744
Expression (execution time),Closure,50,59.307904839460214
Expression (execution time),Closure,50,59.296004957979164
Expression (execution time),Closure,50,59.544946481892964
Expression (execution time),Closure,50,59.33120764838722
Expression (execution time),Closure,50,59.32972261311416
Expression (execution time),Closure,100,126.18751678700646
Expression (execution time),Closure,100,125.47550216190311
Expression (execution time),Closure,100,125.37036305577061
Expression (execution time),Closure,100,125.4143095734652
Expression (execution time),Closure,100,125.47679680217402
Expression (execution time),Closure,100,125.3674206117229
Expression (execution time),Closure,100,125.37741441354005
Expression (execution time),Closure,100,125.59917072188078
Expression (execution time),Closure,100,125.49277405318358
Expression (execution time),Closure,100,125.40146501192865
Expression (execution time),Closure,100,125.70480722412216
Expression (execution time),Closure,100,125.3769565091453
Expression (execution time),Closure,100,125.39604401912635
Expression (execution time),Closure,100,125.39068508290619
Expression (execution time),Closure,100,125.38970361826918
Expression (execution time),Closure,100,125.38450860482202
Expression (execution time),Closure,100,125.38978623538272
Expression (execution time),Closure,100,125.38158218889106
Expression (execution time),Closure,100,125.3949056476687
Expression (execution time),Closure,100,125.38015031941394
